{
  "packages": [
    {
      "name": "Pumbaa",
      "maintainer": "Erik Moqvist",
      "websiteURL": "https://github.com/eerimoq/pumbaa",
      "email": "erik.moqvist@gmail.com",
      "help": {
        "online": "https://pumbaa-os.readthedocs.org"
      },
      "platforms": [
        {
          "name": "Pumbaa",
          "architecture": "sam",
          "version": "0.1.0",
          "category": "Pumbaa",
          "help": {
            "online": "https://pumbaa.readthedocs.org"
          },
          "url": "https://github.com/eerimoq/pumbaa-releases/raw/master/arduino/sam/pumbaa-arduino-sam-0.1.0.zip",
	  "archiveFileName": "pumbaa-arduino-sam-0.1.0.zip",
	  "checksum": "SHA-256:14e385369190a319cbe8e88fd4dbdabb38226e25a657a4e934a9ae28c472b1cc",
	  "size": "4518973",
          "boards": [
	      {"name" : "Arduino Due"}
          ],
          "toolsDependencies": [
            {
              "packager": "arduino",
              "name": "arm-none-eabi-gcc",
              "version": "4.8.3-2014q1"
            },
            {
              "packager": "arduino",
              "name": "bossac",
              "version": "1.6.1-arduino"
            }
          ]
        },
        {
          "name": "Pumbaa",
          "architecture": "sam",
          "version": "1.0.0",
          "category": "Pumbaa",
          "help": {
            "online": "https://pumbaa.readthedocs.org"
          },
          "url": "https://github.com/eerimoq/pumbaa-releases/raw/master/arduino/sam/pumbaa-arduino-sam-1.0.0.zip",
	  "archiveFileName": "pumbaa-arduino-sam-1.0.0.zip",
	  "checksum": "SHA-256:4118a7d1ac052d3dc1898aa03c6cc55e217a35773a220494d5f9081bf60b7a6a",
	  "size": "4536028",
          "boards": [
	      {"name" : "Arduino Due"}
          ],
          "toolsDependencies": [
            {
              "packager": "arduino",
              "name": "arm-none-eabi-gcc",
              "version": "4.8.3-2014q1"
            },
            {
              "packager": "arduino",
              "name": "bossac",
              "version": "1.6.1-arduino"
            }
          ]
        },
        {
          "name": "Pumbaa",
          "architecture": "sam",
          "version": "2.0.0",
          "category": "Pumbaa",
          "help": {
            "online": "https://pumbaa.readthedocs.org"
          },
          "url": "https://github.com/eerimoq/pumbaa-releases/raw/master/arduino/sam/pumbaa-arduino-sam-2.0.0.zip",
	  "archiveFileName": "pumbaa-arduino-sam-2.0.0.zip",
	  "checksum": "SHA-256:cbe6e591f1621e75f7a183e0a44a1b4f6fbf2cf8d30cd4b60b45624575bf2436",
	  "size": "4736064",
          "boards": [
	      {"name" : "Arduino Due"}
          ],
          "toolsDependencies": [
            {
              "packager": "arduino",
              "name": "arm-none-eabi-gcc",
              "version": "4.8.3-2014q1"
            },
            {
              "packager": "arduino",
              "name": "bossac",
              "version": "1.6.1-arduino"
            }
          ]
        },
        {
          "name": "Pumbaa",
          "architecture": "sam",
          "version": "2.1.0",
          "category": "Pumbaa",
          "help": {
            "online": "https://pumbaa.readthedocs.org"
          },
          "url": "https://github.com/eerimoq/pumbaa-releases/raw/master/arduino/sam/pumbaa-arduino-sam-2.1.0.zip",
	  "archiveFileName": "pumbaa-arduino-sam-2.1.0.zip",
	  "checksum": "SHA-256:0d430aaa9c0812e1b916554330096813fa4c5cf3fd6493d854d4629eba4615ed",
	  "size": "4889857",
          "boards": [
	      {"name" : "Arduino Due"}
          ],
          "toolsDependencies": [
            {
              "packager": "arduino",
              "name": "arm-none-eabi-gcc",
              "version": "4.8.3-2014q1"
            },
            {
              "packager": "arduino",
              "name": "bossac",
              "version": "1.6.1-arduino"
            }
          ]
        }
      ],
      "tools": [
      ]
    }
  ]
}
